Brand,Brand Collection,Name,Product,Item Type,Application,Description,Dealer Price,MSRP,Unit,Driver Components,Crossover,Frequency Response,Recommended Amp Power,Input Connectors,Mounting Options,Warranty,Woofer,Midrange,Tweeter,Coverage / Dispersion,Mounting Depth,Cutout Diameter,Speaker / Grille Diameter,Channels,Output Power @ 2 Ohm,Output Power @ 4 Ohm,Output Power @ 8 Ohm,Output Power @ 70V,Output Power @ 100V,Powersharing (up to),Power Consumption,Output Voltage,Total System Power,Inputs,Outputs,Power Handling,Dimensions,Weight,Impedance,Sensitivity,Max SPL,Transformer Taps,System Type,Enclosure,Colors
Ambisonic,Seasons,10BP-IG-70V,Landscape,Subwoofer,Outdoor,10BP-IG-70v paired with JB1300,2043,4085,each (ea),"10"" All Weather In-Ground Composite Woofer","DSP HPF = 80Hz, 12dB per Octave Butterworth",32Hz û 200Hz | 35Hz û 200Hz +/- 3dB,300W (FTC),"24"" x 12AWG Pigtail with Waterproof Wire Nuts",In-Ground,Limited 1-Year Warranty,,,,,,,,,,,,,,,,,,,,"Handling: 300W RMS, 600W Peak, Displacement Limited","24.17"" x 13.8"" x 10.8"" | 61.4cm x 35.1cm x 27.4cm",25.4lbs / 11.4kg (Net),70V,91dB,115.8 dB (Calculated),,"Compact Band-Pass In-Ground Subwoofer with 9.4"" (24cm) Canopy",Composite Roto-Mold,Includes In-Ground 300W 70V Transformer
Ambisonic,Seasons,10BP-IG-8ohm,Landscape,Subwoofer,Outdoor,10 Band Pass/In Ground Subwoofer/ Copper Canopy,1828,3655,each (ea),"10"" All Weather In-Ground Composite Woofer","DSP HPF = 80Hz, 12dB per Octave Butterworth",32Hz û 200Hz | 35Hz û 200Hz +/- 3dB,600W (FTC),"24"" x 12AWG Pigtail with Waterproof Wire Nuts",In-Ground,Limited 1-Year Warranty,,,,,,,,,,,,,,,,,,,,"Handling: 300W RMS, 600W Peak, Displacement Limited","24.17"" x 13.8"" x 10.8"" | 61.4cm x 35.1cm x 27.4cm",25.4lbs / 11.4kg (Net),8 ohm,91dB,115.8 dB (Calculated),,"Compact Band-Pass In-Ground Subwoofer with 9.4"" (24cm) Canopy",Composite Roto-Mold,
Ambisonic,Seasons,10HDR-AW-70V,Landscape,Subwoofer,Outdoor,10HDR-AW JB1300 10RS350,1452,2903,each (ea),"10"" Tower Woofer","Recommended HPF, 12dB per Octave Butterworth",37Hz û 300Hz | +/- 3dB,,Pigtail with Waterproof Wire Nuts,In-Ground,Limited 5-Year Warranty,,,,,,,,,,,,,,,,,,,,"Handling: 300W ACS, 600W Max Peak",,35lbs (Net),70V,97.2 dB (Calculated),122dB Peak,,All Weather In-Ground Subwoofer,Ported Composite,
Ambisonic,Seasons,10HDR-AW-8ohm,Landscape,Subwoofer,Outdoor,10HDR-AW 10RS350,1237,2473,each (ea),"10"" Tower Woofer","Recommended HPF, 12dB per Octave Butterworth",37Hz û 300Hz | +/- 3dB,,Pigtail with Waterproof Wire Nuts,In-Ground,Limited 5-Year Warranty,,,,,,,,,,,,,,,,,,,,"Handling: 300W ACS, 600W Max Peak",,35lbs (Net),8 Ohm,97.2 dB (Calculated),122dB Peak,,All Weather In-Ground Subwoofer,Ported Composite,
Ambisonic,Seasons,12BP-IG : 12BP-IG-8ohm,Landscape,Subwoofer,Outdoor,"Ambisonic Systems - 12"" Outdoor In-Ground   Double Tuned Subwoofer.",2258,4515,each (ea),,,,,,,,,,,,,,,,,,,,,,,,,,,,,,8 ohm,,,,,,
Ambisonic,Seasons,12BP-IG-70v KIT,Landscape,Subwoofer,Outdoor,12BP-IG-70v paired with JB1300,2473,4945,each (ea),,,,,,,,,,,,,,,,,,,,,,,,,,,,,,70V,,,,,,
Ambisonic,Seasons,12HDR-AW-70V,Landscape,Subwoofer,Outdoor,12HDR-AW JB1300 12RS1066,2365,4730,each (ea),"All Weather 12"" Woofer","Recommended HPF, 12dB per Octave Butterworth",31Hz û 250Hz | 41Hz +/- 3dB,,Waterproof Wire Nuts,In-Ground,,,,,,,,,,,,,,,,,,,,,Handling: 1200W Max,,54lbs / 24.5kg (Net) | 64lbs / 29kg (Ship),70V,91.2 dB (Calculated),122dB Continuous,,In-Ground Subwoofer,Ported Composite,
Ambisonic,Seasons,12HDR-AW-8ohm,Landscape,Subwoofer,Outdoor,12HDR-AW 12RS1066,2150,4300,each (ea),"All Weather 12"" Woofer","Recommended HPF, 12dB per Octave Butterworth",31Hz û 250Hz | 41Hz +/- 3dB,,Waterproof Wire Nuts,In-Ground,,,,,,,,,,,,,,,,,,,,,Handling: 1200W Max,,54lbs / 24.5kg (Net) | 64lbs / 29kg (Ship),8 Ohm,91.2 dB (Calculated),122dB Continuous,,In-Ground Subwoofer,Ported Composite,
Ambisonic,HD,6.5HD2-4ohm,Line-Array,Speaker,Outdoor,2x6.5HD-AW-8ohm-Black 1x6.5HDSPIKE-B 2x6.5HDCP-B,1935,3870,each (ea),,,,,,,,,,,,,,,,,,,,,,,,,,,,,,4 Ohm,,,,,,
Ambisonic,HD,6.5HD2-70V,Line-Array,Speaker,Outdoor,2x6.5HD-AW-8ohm-White 1x6.5HDSPIKE-B 2x6.5HDCP-B 2x100WTF 2xHDACCS-B ,2150,4300,each (ea),,,,,,,,,,,,,,,,,,,,,,,,,,,,,,70V,,,,,,
Ambisonic,HD,6.5HD2-4ohm,Line-Array,Speaker,Outdoor,2x6.5HD-AW-8ohm-Black 1xBRK-6.5-SM-B 2x6.5HDCP-B,1935,3870,each (ea),,"Passive, Custom (1500Hz)",50Hzû20kHz (û10dB); 78Hzû20kHz ▒3dB,,,,,"2Î 6.5"" Composite Cone",,"2Î 6"" Ribbon Driver","110░ H, 40░ V",,,,,,,,,,,,,,,,RMS: 200W AES | Prog: 400W | Peak: 800W,"15"" Î 11.5"" Î 11.8"" (38 Î 29.21 Î 30cm)",45.6lbs (20.4kg) net / 51.6lbs (23.1kg) ship,4? nominal (3.4? min @ 160Hz),95.0,Cont: 115.0dB / Peak: 124.0 dB (Calculated)dB,,Hybrid Coaxial Ribbon Two-Way Full Range (2Î Splayed Array),"All Weather Trapezoid Composite, IP-65; Limited 5-Year Warranty",
Ambisonic,HD,6.5HD2-70V,Line-Array,Speaker,Outdoor,2x6.5HD-AW-8ohm-Black 1xBRK-6.5-SM-B 2x6.5HDCP-B 2x100WTF 2xHDACCS-B,2150,4300,each (ea),,"Passive, Custom (1500Hz)",50Hzû20kHz (û10dB); 78Hzû20kHz ▒3dB,,,,,"2Î 6.5"" Composite Cone",,"2Î 6"" Ribbon Driver","110░ H, 40░ V",,,,,,,,,,,,,,,,RMS: 200W AES | Prog: 400W | Peak: 800W,"15"" Î 11.5"" Î 11.8"" (38 Î 29.21 Î 30cm)",45.6lbs (20.4kg) net / 51.6lbs (23.1kg) ship,4? nominal (3.4? min @ 160Hz),95.0,Cont: 115.0dB / Peak: 124.0 dB (Calculated)dB,70V 100W Transformer,Hybrid Coaxial Ribbon Two-Way Full Range (2Î Splayed Array),"All Weather Trapezoid Composite, IP-65; Limited 5-Year Warranty",
Ambisonic,HD,6.5HD-70V,Line-Array,Speaker,Outdoor,1x6.5HD-AW-8ohm-Black 1x6.5HDSPIKE-B 1x100WTF 1xHDACCS-B,1075,2150,each (ea),,"Passive, Custom. HPF 45Hz, 12dB Butterworth",50Hzû20kHz (û10dB); 78Hzû20kHz ▒3dB,,,,,"6.5"" Composite Cone",,"6"" Ribbon Driver","110░ H, 60░ V",,,,,,,,,,,,,,,,RMS: 100W AES | Prog: 200W | Peak: 400W,"7.4"" Î 11.5"" Î 11.8"" (18.8 Î 29.21 Î 30cm)",8?: 19.8lbs (9kg) / 24.6lbs (11.18kg); 70V: 22.8lbs (10.4kg) / 27.6lbs (12.5kg),8? nominal (5.7? min @ 160Hz),89.0,Cont: 109.0dB / Peak: 115.0dB,70V 100W,Hybrid Coaxial Ribbon Two-Way Full Range (Landscape Mount),"All Weather Trapezoid Composite, IP-65; Limited 5-Year Warranty",
Ambisonic,HD,6.5HD-8ohm,Line-Array,Speaker,Outdoor,1x6.5HD-AW-8ohm-Black 1x6.5HDSPIKE-B,968,1935,each (ea),,,,,,,,,,,,,,,,,,,,,,,,,,,,,,8 Ohm,,,,,,
Ambisonic,HD,6.5HD-70V,Line-Array,Speaker,Outdoor,1x6.5HD-AW-8ohm-Black 1xBRK-6.5-SM-B 1x100WTF 1xHDACCS-B,1075,2150,each (ea),,"Passive, Custom. HPF 45Hz, 12dB Butterworth",50Hzû20kHz (û10dB); 78Hzû20kHz ▒3dB,,,,,"6.5"" Composite Cone",,"6"" Ribbon Driver","110░ H, 60░ V",,,,,,,,,,,,,,,,RMS: 100W AES | Prog: 200W | Peak: 400W,"7.4"" Î 11.5"" Î 11.8"" (18.8 Î 29.21 Î 30cm)",70V: 22.8lbs (10.4kg) net / 27.6lbs (12.5kg) ship,8? nominal (5.7? min @ 160Hz),89.0,Cont: 109.0dB / Peak: 115.0dB,70V 100W,Hybrid Coaxial Ribbon Two-Way Full Range,"All Weather Trapezoid Composite, IP-65; Limited 5-Year Warranty",
Ambisonic,HD,6.5HD-8ohm,Line-Array,Speaker,Outdoor,1x6.5HD-AW-8ohm-Black 1xBRK-6.5-SM-B,968,2150,each (ea),,"Passive, Custom. HPF 45Hz, 12dB Butterworth",50Hzû20kHz (û10dB); 78Hzû20kHz ▒3dB,,,,,"6.5"" Composite Cone",,"6"" Ribbon Driver","110░ H, 60░ V",,,,,,,,,,,,,,,,RMS: 100W AES | Prog: 200W | Peak: 400W,"7.4"" Î 11.5"" Î 11.8"" (18.8 Î 29.21 Î 30cm)",8?: 19.8lbs (9kg) net / 24.6lbs (11.18kg) ship,8? nominal (5.7? min @ 160Hz),89.0,Cont: 109.0dB / Peak: 115.0dB,,Hybrid Coaxial Ribbon Two-Way Full Range,"All Weather Trapezoid Composite, IP-65; Limited 5-Year Warranty",
Ambisonic,Seasons,ALSB106,Bollard,Speaker,Outdoor,1X ALSB106HS 1X ALSB106HT 1X ALSB106SL-BL,1613,3360,each (ea),,,48Hzû20kHz,,,,,"10"" (254mm) Polypropylene","6.5"" (165mm) Polypropylene","1"" (25mm) HD Aluminum Conical Ribbon",,,,,,,,,,,,,,,,,RMS: 200W Sub / 100W Sat RMS | Prog: 400W Sub / 200W Sat | Peak: 800W Sub / 400W Sat,"Sub: Ï17-23/32"" (450mm) Î 9-9/16"" (243mm) depth; Sleeve: 8-11/16"" Î 8-1/8"" (220Î206mm); Total H: 36-3/4"" (933mm)",,6? Sub / 7? Sat,,,70V: 200W Sub / 100W Midrange; 100V: 200W Sub / 100W Midrange,All-Weather Landscape Satellite System,"Poly Composite, Weather Resistant","Midnight Black, Champagne, Stargazing Silver"
Ambisonic,Seasons,ALSB64,Bollard,Speaker,Outdoor,"Ambisonic bollards 6"" burial subwoofer+4"" midrange with Black color and Hexagon shape",807,1882,each (ea),,,48Hzû20kHz,,,,,"6.5"" (165mm) Polypropylene","4.5"" (115mm) Aluminum","1"" (25mm) HD Aluminum Conical Ribbon",,,,,,,,,,,,,,,,,RMS: 50W Sub / 50W Sat RMS | Prog: 100W Sub / 100W Sat | Peak: 200W Sub / 200W Sat,"Sub: Ï12-5/16"" (315mm) Î 8-3/8"" (212mm) depth; Sleeve: 6-7/32"" Î 5-13/16"" (158Î148mm); Total H: 27-1/16"" (688mm)",,6? Sub / 4? Sat,,,70V: 50W Sub / 50W Midrange; 100V: 50W Sub / 50W Midrange,All-Weather Landscape Satellite System,"Poly Composite, Weather Resistant","Midnight Black, Champagne, Stargazing Silver"
Ambisonic,Seasons,ALSB85,Bollard,Speaker,Outdoor,"Ambisonic bollards 8"" burial subwoofer+5.25"" midrange with Black color and Hexagon shape ",1210,2634,each (ea),,,48Hzû20kHz,,,,,"8"" (203mm) Polypropylene","5.25"" (133mm) Polypropylene","1"" (25mm) HD Aluminum Conical Ribbon",,,,,,,,,,,,,,,,,RMS: 100W Sub / 50W Sat RMS | Prog: 200W Sub / 100W Sat | Peak: 400W Sub / 200W Sat,"Sub: Ï15-3/4"" (400mm) Î 9-1/16"" (230mm) depth; Sleeve: 7-7/16"" Î 6-15/16"" (188Î176mm); Total H: 31-1/16"" (788mm)",,6? Sub / 6? Sat,,,70V: 100W Sub / 50W Midrange; 100V: 100W Sub / 50W Midrange,All-Weather Landscape Satellite System,"Poly Composite, Weather Resistant","Midnight Black, Champagne, Stargazing Silver"
Ambisonic,Marquee,AM3600,In-Wall,Speaker,Indoor,In-Wall LCR Front/Surround Ambisonic Marquee Theater Speaker,1935,5250,each (ea),,,45Hzû20kHz (û10dB); 70Hzû20kHz (û3dB),,,,,,,,"100░ H, 60░ V",,,,,,,,,,,,,,,,,"OW: 21-9/16""H Î 13""W Î 4-11/16""D (548Î330Î119mm); IW: 21-9/16""H Î 13""W Î 3-7/16""D (548Î330Î88mm)",,4 ohms,92.0,Cont: 115.0dB / Peak: 118.0dB,,Architectural In-Wall Speaker,Origin Pro Amplifiers recommended,
Ambisonic,Marquee,AM5600,In-Wall,Speaker,Indoor,In-Wall LCR Front Ambisonic Marquee Theater Speaker (Full-Range) ,2903,7875,each (ea),,,32Hzû20kHz (û10dB); 43Hzû20kHz (û3dB),,,,,,,,"100░ H, 60░ V",,,,,,,,,,,,,,,,,"OW: 43-5/8""H Î 13""W Î 4-5/16""D (1108Î330Î119mm); IW: 43-5/8""H Î 13""W Î 3-7/16""D (1108Î330Î88mm)",,4 ohms,94.0,Cont: 120.0dB / Peak: 123.0dB,,Architectural In-Wall Speaker,Origin Pro Amplifiers (bi-amped) recommended,
Ambisonic,Marquee,AM6500A,On-Wall,Speaker,Indoor,"Ambisonic Marquee On-Wall Angled 6.5"" Box Speaker",914,2465,each (ea),,,,,,,,,,,,,,,,,,,,,,,,,,,,,,4 Ohm,,,,,No data ù skipped,
Ambisonic,Marquee,AMD10IWSUB,In-Wall,Subwoofer,Indoor,"Ambisonic Marquee In-Wall Dual 10"" Subwoofer ",1344,3875,each (ea),,,,,,,,,,,,,,,,,,,,,,,,,,,,,,4 Ohm,,,,,,
Ambisonic,Seasons,ASM63,Surface Mount,Speaker,Outdoor,"Black aluminum extruded outdoor speaker with 6.5ö woofer and 3"" planar magnetic ribbon tweeter.",1000,2000,each (ea),,,,,,,,,,,,,,,,,,,,,,,,,,,,,,8 Ohm,,,,,,
Ambisonic,Seasons,ASM63SUB,Surface Mount,Speaker,Outdoor,Black aluminum extruded outdoor subwoofer with custom 8öá PP woofer,650,1290,each (ea),"6"" Polypropylene Cone Woofer",,28Hz û 300Hz | 37Hz û 300Hz +/- 3dB,150W û 300W (PCT),Phoenix Connectors,Swivel (Horizontal) or Pan (Vertical),,,,,,,,,,,,,,,,,,,,,Handling: 150W Continuous / 300W Program / 600W Peak,209mm x 356mm W x 191mm H,,8 Ohm,89dB (1m / 2.83V),110.8 dB (Calculated),,Outdoor Universal Surface Mount Subwoofer,,
Origin Acoustics,BLENDS,Blends602,Invisible,Speaker,Indoor,"6.5"" 2-way BLENDS Invisible Speaker",650,1625,Pair (pr),,,45Hzû20kHz,,,,,"6.5"" (165mm) cone, 15oz (425gr) ceramic magnet",,"1-1/8"" (30mm) Neodymium",,,,,,,,,,,,,,,,,RMS: 50W MIN | Prog: 100W RMS,,,8? nominal,83.0,,,"6.5"" 2-Way Full Range In-Ceiling",Two independent self-resetting protection devices (low & high),
Origin Acoustics,BLENDS,Blends800Sub,Invisible,Subwoofer,Indoor,"8"" Invisible BLENDS Subwoffer (2x)",650,1625,each (ea),,,,,,,,,,,,,,,,,,,,,,,,,,,,,,,,,,,,
Origin Acoustics,BLENDS,Blends802,Invisible,Speaker,Indoor,"8"" 2-way BLENDS Invisible Speaker",860,2150,Pair (pr),,,45Hzû20kHz,,,,,"8"" (203mm) cone, 20oz (567gr) ceramic magnet",,"1"" (25mm) Neodymium",,,,,,,,,,,,,,,,,RMS: 60W MIN | Prog: 120W RMS,,,8? nominal,83.0,,,"8"" 2-Way Full Range In-Ceiling",Two independent self-resetting protection devices (low & high),
Origin Acoustics,BLENDS,Blends803,Invisible,Speaker,Indoor,"8"" 3-way BLENDS Invisible Speaker",1075,2625,Pair (pr),,,40Hzû20kHz,,,,,"8"" (203mm) cone, 20oz (567gr) ceramic magnet","1-1/8"" (30mm) Neodymium","1"" (25mm) Neodymium",,,,,,,,,,,,,,,,,RMS: 80W MIN | Prog: 160W RMS | Peak: 320W,,,8? nominal,83.0,Peak: 108.1 dB (Calculated)dB,,"8"" 3-Way Full Range In-Ceiling","Three independent self-resetting protection devices (low, mid & high)",
Origin Acoustics,BLENDS,BlendsCSUB10,Invisible,Subwoofer,Indoor,In Wall - Slot Ported Sub,800,2150,each (ea),"10"" Non-Magnetic High-Extension Poly, Rubber Surround, Butylene Woofer",,,Max Amp limited to 500W RMS,,Direct In-Wall Mounting or Wall Installation only,,,,,,,,,,,,,,,,,,,,,,,,,,"118dB Continuous, 122dB Peak",,IN-WALL AND IN-CEILING SUBWOOFER WITH CUSTOMIZABLE TRIM,,
Origin Acoustics,Composer,C63,In-Wall,Speaker,Indoor,"Composer Thinline Series - Rectangular In-Wall 2-Way Loudspeaker, Pivoting Aluminum Tweeter, 4x8"" Poly-Rubber Woofer and Patented SpringLock Tool-less Mounting System.",113,328,each (ea),,,,,,,,,,,,,,,,,,,,,,,,,,,,,,8 ohm,,,,,,
Origin Acoustics,Composer,C65,In-Wall,Speaker,Indoor,"Composer Thinline Series - Rectangular In-Wall 2-Way Loudspeaker, Pivoting Aluminum Tweeter, 4x8"" IMG Woofer and Patented SpringLock Tool-less Mounting System.",146,420,each (ea),,,45Hzû20kHz,,,,,"4Î 8"" (102Î203mm) IMG",,"1"" (25mm) Aluminum",,,,,,,,,,,,,,,,,RMS: 25û110W,,,8 ohm,,,,In-Wall Speaker,,
Origin Acoustics,Composer,C65EX,In-Wall,Speaker,Marine,"Explorer Series - Rectangular In-Wall 2-Way Loudspeaker with 4x8"" IMG Woofer, Pivoting Aluminum Tweeter and Patented SpringLock Tool-less Mounting System.",178,511,each (ea),,,,,,,,,,,,,,,,,,,,,,,,,,,,,,8 ohm,,,,,,
Origin Acoustics,Composer,C67,In-Wall,Speaker,Indoor,"Composer Thinline Series - Rectangular In-Wall 2-Way Loudspeaker, Pivoting Silk DPSD Tweeter, 4x8"" Glass Fiber Woofer and Patented SpringLock Tool-less Mounting System.",178,511,each (ea),,,,,,,,,,,,,,,,,,,,,,,,,,,,,,8 ohm,,,,,,
Origin Acoustics,Composer,C69,In-Wall,Speaker,Indoor,"Composer Thinline Series - Rectangular In-Wall 2-Way Loudspeaker, Pivoting Silk DPSD Tweeter, 4x8"" Kevlar Woofer and Patented SpringLock Tool-less Mounting System.",301,855,each (ea),,,,,,,,,,,,,,,,,,,,,,,,,,,,,,8 ohm,,,,,,
Origin Acoustics,Composer,CIW61,In-Wall,Speaker,Indoor,"Composer In-Wall Series - Rectangular In-Wall 2 Way Loudspeaker, Traditional Footprint, Pivoting Silk Tweeter, 6.5"" Poly-Rubber Woofer (Pair).",183,527,Pair (pr),,,,,,,,,,,,,,,,,,,,,,,,,,,,,,8 ohm,,,,,,
Origin Acoustics,Composer,CIW63,In-Wall,Speaker,Indoor,"Composer In-Wall Series - Rectangular In-Wall 2 Way Loudspeaker, Traditional Footprint, Pivoting Aluminum Tweeter, 6.5"" IMG Woofer (Pair).",232,667,Pair (pr),,,,,,,,,,,,,,,,,,,,,,,,,,,,,,8 ohm,,,,,,
Origin Acoustics,Composer,CIW65,In-Wall,Speaker,Indoor,"Composer In-Wall Series - Rectangular In-Wall 2 Way Loudspeaker, Traditional Footprint, Pivoting Silk DPSD Tweeter, 6.5"" IMG Woofer (Pair).",291,834,Pair (pr),,,45Hzû20kHz,,,,,"6.5"" IMG",,"1"" DPSDÖ Pivoting",,"3"" (76mm)","Cutout: 10-3/4"" Î 6-15/16"" (273Î176mm)","Grille: 12-13/32"" Î 8-19/32"" (315Î218mm)",,,,,,,,,,,,,RMS: 25û110W,"12"" Î 8-3/16"" (305Î208mm)",,,,,,In-Ceiling Speaker,,
Origin Acoustics,Composer,CSUB10R EX,In-Wall,Subwoofer,Marine,"Explorer Retrofit In-Wall Subwoofer with 10"" aluminum woofer and aluminum slide enclosure for post-construction installation.",968,1935,each (ea),"10"" Anodized Aluminum (254mm)",,30Hz û 250Hz,SUBA500 / SUBA150,,,,,,,,,,,,,,,,,,,,,,,Handling: 100W û 500W,"13"" H x 11"" W x 13"" D (330 x 330 x 330mm) | Enclosure: 14.375"" L x 14.375"" D",,8 Ohm,,,,,,
Origin Acoustics,Director,D101,In-Ceiling,Speaker,Indoor,"Director 10"" Series - In-Ceiling Loudspeaker with an 10"" Poly-Rubber Woofer, Pivoting Silk Dome Tweeter and Tool-less Installation.",307,882,each (ea),,,,,,,,,,,,,,,,,,,,,,,,,,,,,,6 ohm,,,,,,
Origin Acoustics,Director,D103DT,In-Ceiling,Speaker,Indoor,"D103DT in-ceiling speaker has dual 1"" Aluminum tweeters and a 10"" IMG woofer.",420,1204,each (ea),,,,,,,,,,,,,,,,,,,,,,,,,,,,,,6 ohm,,,,,,
Origin Acoustics,Director,D105,In-Ceiling,Speaker,Indoor,"Director 10"" Series - Fully Pivoting 3-Way In-Ceiling Loudspeaker with a 10"" IMG Woofer, Exclusive DPSD tweeter Technology and Tool-Less Installation",490,1414,each (ea),,,,,,,,,,,,,,,,,,,,,,,,,,,,,,6 ohm,,,,,,
Origin Acoustics,Director,D105EX,In-Ceiling,Speaker,Marine,"Explorer Series - Fully Pivoting 3-Way In-Ceiling Loudspeaker with 10"" IMG Woofer, Aluminum Tweeter, Extended Weather Protection, and Tool-Less Installation.",559,1602,each (ea),,,,,,,,,,,,,,,,,,,,,,,,,,,,,,6 ohm,,,,,,
Origin Acoustics,Director,D107,In-Ceiling,Speaker,Indoor,"Director 10"" Series - Fully Pivoting 3-Way In-Ceiling Loudspeaker with a 10"" Glass Fiber Woofer, Exclusive DPSD Tweeter Technology and Tool-Less Installation",629,1828,each (ea),,,28Hzû20kHz,,,,,"10"" Glass Fiber","4"" Glass Fiber MMPÖ","3/4"" Silk DPSDÖ",,"6.25"" (158mm)","10.375"" (264mm)","Grille Dia: 11.75"" (299mm); Depth: 3/16"" (5mm)",,,,,,,,,,,,,RMS: 50W RMS | Peak: 150W,"Spk Dia: 11.5"" (286mm)",,6?,,,,In-Ceiling Speaker 3-Way,,
Origin Acoustics,Director,D109,In-Ceiling,Speaker,Indoor,"Director 10"" Series - Fully Pivoting 3-Way In-Ceiling Loudspeaker with a 10"" Kevlar Woofer, Exclusive DPSD Tweeter Technology and Tool-Less Installation.",748,2150,each (ea),,,,,,,,,,,,,,,,,,,,,,,,,,,,,,6 ohm,,,,,,
Origin Acoustics,Director,D39,In-Ceiling,Speaker,Indoor,"Director 3"" Minimal Opening In-Ceiling Speaker with Kevlar 3"" Woofer, 3/4"" silk DPSD tweeter, and Tool-Less Installation System.  Includes both Square and Round 4 1/4"" Magnetic Grilles.",178,511,each (ea),,,100Hzû20kHz,,,,,"3"" Kevlar«",,"3/4"" Silk DPSDÖ",,"3-15/16"" (100mm)","3.25"" (83mm)","Grille Dia: 4.25"" (108mm); Depth: 1/8"" (3mm)",,,,,,,,,,,,,RMS: 30W RMS | Peak: 100W,"Spk Dia: 3-15/16"" (100mm)",,10?,,,,In-Ceiling Speaker 2-Way,,
Origin Acoustics,Director,D51DT,In-Ceiling,Speaker,Indoor,"Director Minimal Opening Series - 5.25"" In-Ceiling Loudspeakers with 20mm black Teteron dome dual tweeter, neo magnet, 12dB crossover for tweeter and woofer",146,420,each (ea),,,83Hzû20kHz (û3dB),,,,,"5.25"" PP",,"Dual 3/4"" Teteron",,"3.5"" (90mm)",,,,,,,,,,,,,,,RMS: 30û100W,,,6 ohm,,,,In-Ceiling Speaker 2-Way Dual Tweeter,,
Origin Acoustics,Director,D53,In-Ceiling,Speaker,Indoor,"Director Minimal Opening Series - In-Ceiling Loudspeaker with aluminum dome Tweeter, 5"" Glass Fiber Woofer, and Tool-Less Installation.",113,328,each (ea),,,82Hzû20kHz (û3dB),,,,,"5.25"" IMG",,"1"" Aluminum MMPÖ",,"3.5"" (90mm)",,,,,,,,,,,,,,,RMS: 30û100W,,,6 ohm,,,,In-Ceiling Speaker 2-Way,,
Origin Acoustics,Director,D53DT,In-Ceiling,Speaker,Indoor,"Director Minimal Opening Series - In-Ceiling Loudspeaker with dual Tweeters, 5"" Glass Fiber Woofer, and Tool-Less Installation.",178,511,each (ea),,,84Hzû20kHz (û3dB),,,,,"5.25"" IMG",,"Dual 3/4"" Aluminum",,"3.5"" (90mm)",,,,,,,,,,,,,,,RMS: 30û100W,,,6 ohm,,,,In-Ceiling Speaker 2-Way Dual Tweeter,,
Origin Acoustics,Director,D55,In-Ceiling,Speaker,Indoor,"Director Minimal Opening Series - In-Ceiling Loudspeaker with DPSD dome Tweeter, 5"" Glass Fiber Woofer, and Tool-Less Installation.",146,420,each (ea),,,83Hzû20kHz (û3dB),,,,,"5.25"" IMG",,"1"" Silk DPSDÖ MMPÖ",,"3.5"" (90mm)",,,,,,,,,,,,,,,RMS: 30û100W,,,6 ohm,,,,In-Ceiling Speaker 2-Way,,
Origin Acoustics,Director,D55EX,In-Ceiling,Speaker,Marine,"Explorer Series - Fully Pivoting 2-Way In-Ceiling Loudspeaker with 5.25"" Woofer, Aluminum Tweeter, Extended Weather Protection, and Tool-Less Installation.",178,511,each (ea),,,83Hzû20kHz (û3dB),,,,,"5.25"" IMG",,"1"" Silk DPSDÖ MMPÖ",,"3.5"" (90mm)",,,,,,,,,,,,,,,RMS: 30û100W,,,6 ohm,,,,In-Ceiling Speaker 2-Way,,
Origin Acoustics,Director,D57,In-Ceiling,Speaker,Indoor,"Director Minimal Opening Series - In-Ceiling Loudspeaker with Silk DPSD Tweeter, 5"" Glass Fiber Woofer, and Tool-Less Installation.",178,511,each (ea),,,69Hzû20kHz,,,,,"5.25"" Glass Fiber",,"1"" Silk DPSDÖ MMPÖ",,"3.75"" (95mm)",,,,,,,,,,,,,,,RMS: 40û125W,,,6 ohm,,,,In-Ceiling Speaker 2-Way,,
Origin Acoustics,Director,D57DT/SUR,In-Ceiling,Speaker,Indoor,"Director Minimal Opening Series - In-Ceiling Loudspeaker with Silk DPSD Tweeter, 5"" Glass Fiber Woofer, and Tool-Less Installation.",215,619,each (ea),,,69Hzû20kHz,,,,,"5.25"" Glass Fiber",,"Dual 3/4"" Silk DPSDÖ",,"3.75"" (95mm)",,,,,,,,,,,,,,,RMS: 40û125W,,,6 ohm,,,,In-Ceiling Speaker 2-Way Dual Tweeter,,
Origin Acoustics,Director,D59,In-Ceiling,Speaker,Indoor,"Director Minimal Opening Series - In-Ceiling Loudspeaker with Silk DPSD Tweeter, 5"" Kevlar Woofer, and Tool-Less Installation.",237,683,each (ea),,,68Hzû20kHz,,,,,"5.25"" Kevlar«",,"1"" Silk DPSDÖ MMPÖ",,"3.75"" (95mm)",,,,,,,,,,,,,,,RMS: 40û125W,,,6 ohm,,,,In-Ceiling Speaker 2-Way,,
Origin Acoustics,Director,D61DT,In-Ceiling,Speaker,Indoor,"Director 6"" Series - 2-Way In-Ceiling Loudspeaker with a 6.5"" Poly-Rubber Woofer, Dual silk dome tweeters and Tool-Less Installation.",146,420,each (ea),,,48Hzû20kHz,,,,,"6.5"" Poly/Rubber",,"Dual 1"" Silk",,"4-5/8"" (117mm)","8.75"" (222mm)","Grille Dia: 10"" (254mm); Depth: 3/16"" (5mm)",,,,,,,,,,,,,RMS: 40W RMS | Peak: 150W,"Spk Dia: 9-5/8"" (244mm)",,6?,,,,In-Ceiling Speaker 2-Way Dual Tweeter,,
Origin Acoustics,Director,D63,In-Ceiling,Speaker,Indoor,"Director 6"" Series - 2-Way In-Ceiling Loudspeaker with a 6.5"" IMG Woofer, Pivoting Aluminum Tweeter and Tool-Less Installation.",113,328,each (ea),,,48Hzû20kHz,,,,,"6.5"" IMG",,"1"" Aluminum MMPÖ",,"3.5"" (89mm)","8.75"" (222mm)","Grille Dia: 10"" (254mm); Depth: 3/16"" (5mm)",,,,,,,,,,,,,RMS: 40W RMS | Peak: 150W,"Spk Dia: 9-5/8"" (244mm)",,6?,,,,In-Ceiling Speaker 2-Way,,
Origin Acoustics,Director,D63DT/SUR,In-Ceiling,Speaker,Indoor,"Director 6"" Series - Stereo In-Ceiling Loudspeaker with a 6.5"" IMG Woofer, Dual Aluminum Tweeters and Tool-Less Installation.",178,511,each (ea),,,48Hzû20kHz,,,,,"6.5"" IMG",,"Dual 1"" Aluminum",,"3-15/16"" (101mm)","8.75"" (222mm)","Grille Dia: 10"" (254mm); Depth: 3/16"" (5mm)",,,,,,,,,,,,,RMS: 40W RMS | Peak: 150W,"Spk Dia: 9-5/8"" (244mm)",,6?,,,,In-Ceiling Speaker 2-Way Dual Tweeter,,
Origin Acoustics,Director,D65,In-Ceiling,Speaker,Indoor,"Director 6"" Series - Fully Pivoting 2-Way In-Ceiling Loudspeaker with a 6.5"" IMG Woofer, Exclusive DPSD tweeter Technology and Tool-less Installation.",146,420,each (ea),,,45Hzû20kHz,,,,,"6.5"" IMG Pivoting",,"1"" Silk DPSDÖ MMPÖ",,"5.25"" (134mm)","8.75"" (222mm)","Grille Dia: 10"" (254mm); Depth: 3/16"" (5mm)",,,,,,,,,,,,,RMS: 40W RMS | Peak: 150W,"Spk Dia: 9-5/8"" (244mm)",,6?,,,,In-Ceiling Speaker 2-Way,,
Origin Acoustics,Director,D65EX,In-Ceiling,Speaker,Marine,"Explorer Series - Fully Pivoting 2-Way In-Ceiling Loudspeaker with 6.5"" IMG Woofer, Aluminum Tweeter, Extended Weather Protection, and Tool-Less Installation.",178,511,each (ea),,,,,,,,,,,,,,,,,,,,,,,,,,,,,,6 ohm,,,,,,
Origin Acoustics,Director,D67,In-Ceiling,Speaker,Indoor,"Director 6"" Series - Fully Pivoting 2-Way In-Ceiling Loudspeaker with a 6.5"" Glass Fiber Woofer, Exclusive DPSD tweeter Technology and Tool-less Installation.",178,511,each (ea),,,43Hzû20kHz,,,,,"6.5"" Glass Fiber Pivoting",,"1"" Silk DPSDÖ MMPÖ",,"5.25"" (134mm)","8.75"" (222mm)","Grille Dia: 10"" (254mm); Depth: 3/16"" (5mm)",,,,,,,,,,,,,RMS: 40W RMS | Peak: 150W,"Spk Dia: 9-5/8"" (244mm)",,6?,,,,In-Ceiling Speaker 2-Way,,
Origin Acoustics,Director,D69,In-Ceiling,Speaker,Indoor,"Director 6"" Series - Fully Pivoting 2-Way In-Ceiling Loudspeaker with a 6.5"" Kevlar Woofer, Exclusive DPSD tweeter Technology and Tool-less Installation.",301,855,each (ea),,,40Hzû20kHz,,,,,"6.5"" Kevlar« Pivoting",,"1"" Silk DPSDÖ MMPÖ",,"5.25"" (134mm)","8.75"" (222mm)","Grille Dia: 10"" (254mm); Depth: 3/16"" (5mm)",,,,,,,,,,,,,RMS: 40W RMS | Peak: 150W,"Spk Dia: 9-5/8"" (244mm)",,6?,,,,In-Ceiling Speaker 2-Way,,
Origin Acoustics,Director,D80DT,In-Ceiling,Speaker,Indoor,"8"" Series - In-Ceiling Loudspeaker with Silk dual Tweeters and 8"" Poly-Rubber Woofer, Tool-Less Installation.",167,479,each (ea),,,,,,,,,,,,,,,,,,,,,,,,,,,,,,6 ohm,,,,,,
Origin Acoustics,Director,D83,In-Ceiling,Speaker,Indoor,"Director 8"" Series - In-Ceiling Loudspeaker with an 8"" IMG Woofer, Pivoting Aluminum Dome Tweeter and Tool-less Installation.",167,484,each (ea),,,38Hzû20kHz,,,,,"8"" IMG",,"1"" Aluminum MMPÖ",,"4.125"" (105mm)","8.75"" (222mm)","Grille Dia: 10"" (254mm); Depth: 3/16"" (5mm)",,,,,,,,,,,,,RMS: 50W RMS | Peak: 150W,"Spk Dia: 9-5/8"" (244mm)",,6?,,,,In-Ceiling Speaker 2-Way,,
Origin Acoustics,Director,D83A,In-Ceiling,Speaker,Indoor,"Director 8"" Series - In-Ceiling Loudspeaker with an 8"" IMG Woofer, Pivoting Aluminum Dome Tweeter and Tool-less Installation.",183,533,each (ea),,,38Hzû20kHz,,,,,"8"" IMG û Fixed Angle",,"1"" Aluminum MMPÖ",,"4-11/16"" (119mm)","8.75"" (222mm)","Grille Dia: 10"" (254mm); Depth: 3/16"" (5mm)",,,,,,,,,,,,,RMS: 50W RMS | Peak: 150W,"Spk Dia: 9-5/8"" (244mm)",,6?,,,,In-Ceiling Speaker 2-Way Fixed Angle,,
Origin Acoustics,Director,D83AEX,In-Ceiling,Speaker,Marine,"Explorer Series - 2-Way In-Ceiling Loudspeaker with Pre-Angled 8"" IMG Woofer, Pivoting Aluminum Tweeter, Extended Weather Protection, and Tool-Less Installation.",221,635,each (ea),,,,,,,,,,,,,,,,,,,,,,,,,,,,,,6 ohm,,,,,,
Origin Acoustics,Director,D83DT/SUR,In-Ceiling,Speaker,Indoor,"Director 8"" Series - Stereo In-Ceiling Loudspeaker with an 8"" IMG Woofer, Dual Aluminum Tweeters and Tool-less Installation.",264,753,each (ea),,,38Hzû20kHz,,,,,"8"" IMG",,"Dual 1"" Aluminum",,"4.25"" (108mm)","8.75"" (222mm)","Grille Dia: 10"" (254mm); Depth: 3/16"" (5mm)",,,,,,,,,,,,,RMS: 50W RMS | Peak: 150W,"Spk Dia: 9-5/8"" (244mm)",,6?,,,,In-Ceiling Speaker 2-Way Dual Tweeter,,
Origin Acoustics,Director,D83DT/SUR EX,In-Ceiling,Speaker,Marine,"Explorer Series - 2-Way In-Ceiling Loudspeaker with 8"" IMG Woofer, Dual Aluminum Tweeters, Extended Weather Protection, and Tool-Less Installation.",328,941,each (ea),,,,,,,,,,,,,,,,,,,,,,,,,,,,,,6 ohm,,,,,,
Origin Acoustics,Director,D83EX,In-Ceiling,Speaker,Marine,"Explorer Series - 2-Way In-Ceiling Loudspeaker with 8""  IMG Woofer, Pivoting Aluminum Tweeter, Extended Weather Protection, and Tool-Less Installation.",210,602,each (ea),,,,,,,,,,,,,,,,,,,,,,,,,,,,,,6 ohm,,,,,,
Origin Acoustics,Director,D85,In-Ceiling,Speaker,Indoor,"Director 8"" Series - Fully Pivoting 3-Way In-Ceiling Loudspeaker with an 8"" IMG Woofer, Exclusive DPSD Tweeter Technology and Tool-less Installation.",237,683,each (ea),,,36Hzû20kHz,,,,,"8"" IMG","4"" IMG","3/4"" Silk DPSDÖ MMPÖ",,"5-5/8"" (142mm)","8.75"" (222mm)","Grille Dia: 10"" (254mm); Depth: 3/16"" (5mm)",,,,,,,,,,,,,RMS: 50W RMS | Peak: 150W,"Spk Dia: 9-5/8"" (244mm)",,6?,,,,In-Ceiling Speaker 3-Way,,
Origin Acoustics,Director,D85EX,In-Ceiling,Speaker,Marine,"Explorer Series - Fully Pivoting 3-Way In-Ceiling Loudspeaker with 8""  IMG Woofer, Aluminum Tweeter, Extended Weather Protection, and Tool-Less Installation.",285,817,each (ea),,,,,,,,,,,,,,,,,,,,,,,,,,,,,,6 ohm,,,,,,
Origin Acoustics,Director,D87,In-Ceiling,Speaker,Indoor,"Director 8"" Series - Fully Pivoting 3-Way In-Ceiling Loudspeaker with an 8"" Glass Fiber Woofer, Exclusive DPSD tweeter Technology and Tool-less Installation.",339,973,each (ea),,,34Hzû20kHz,,,,,"8"" Glass Fiber","4"" Glass Fiber","3/4"" Silk DPSDÖ MMPÖ",,"5-5/8"" (142mm)","8.75"" (222mm)","Grille Dia: 10"" (254mm); Depth: 3/16"" (5mm)",,,,,,,,,,,,,RMS: 50W RMS | Peak: 150W,"Spk Dia: 9-5/8"" (244mm)",,6?,,,,In-Ceiling Speaker 3-Way,,
Origin Acoustics,Director,D89,In-Ceiling,Speaker,Indoor,"Director 8"" Series - Fully Pivoting 3-Way In-Ceiling Loudspeaker with an 8"" Kevlar Woofer, Exclusive DPSD tweeter Technology and Tool-less Installation.",576,1694,each (ea),,,30Hzû20kHz,,,,,"8"" Kevlar«","4"" Kevlar«","3/4"" Silk DPSDÖ MMPÖ",,"5-5/8"" (142mm)","8.75"" (222mm)","Grille Dia: 10"" (254mm); Depth: 3/16"" (5mm)",,,,,,,,,,,,,RMS: 50W RMS | Peak: 150W,"Spk Dia: 9-5/8"" (244mm)",,6?,,,,In-Ceiling Speaker 3-Way,,
Origin Acoustics,Director,DBA10EX,In-Ceiling,Subwoofer,Marine,"Explorer 10"" Series - Retrofit In-Ceiling Subwoofer with 10"" Glass Fiber Woofer, Temperature Resistant Plastic, IP66-Rating, and Tool-less Installation System.",285,656,each (ea),,,39Hzû200Hz (û10dB),,,,,"5.25"" Glass Fiber",,ù,,"3.75"" (95mm)",,,,,,,,,,,,,,,RMS: 30û100W,,,4 ohm,,,,In-Ceiling Subwoofer,,
Origin Acoustics,Foundation,DSP2-200,Electronics,Amplifier,Indoor,"Foundation Series - DSP2-200: 2-channel 200W @4? amplifier. Bridgeable to 1x360W @8? mono. Min impedance: 4? (normal), 8? (bridged). Preset DSP EQ curves for Origin Acoustics speakers. RCA + Optical inputs (one active at a time, both with pass-through). Speaker output via Phoenix block connector. Sub Out (RCA). 12-14g wire recommended. Half-rack / 1U with ears.",511,1075,each (ea),,,,,,,,,,,,,,,2 x Lo-Z (L/R); bridgeable to 1 x mono,,2 x 200W (SE),1 x 360W (Bridged),,,,2.46A / 0.124A standby,,,1 x RCA Unbalanced (w/ pass-through); 1 x Optical (w/ pass-through),1 x Speaker Phoenix Connector (stereo); 1 x Sub Out RCA,,"8.5"" x 15.2"" x 2.2"" / 216 x 386 x 55mm (with feet)",,,,,,,,
Origin Acoustics,Foundation,DSP3-150,Electronics,Amplifier,Indoor,"Foundation Series - DSP3-150: 3-channel amplifier. L/R: 150W @ 4? each. Sub: 300W @ 4?. Min impedance: 4?. No 70V support. Preset DSP EQ curves for Origin Acoustics speakers. Inputs: 2x RCA A/B (unbalanced) + 1x Optical. Outputs: 2x RCA A/B pass-through. Speaker outputs via terminal blocks. Wire guide: 16g ?100ft, 14g 50-150ft, 12g >100ft. 2U rack mount.",753,1516,each (ea),,,20Hz - 20kHz,,,,,,,,,,,,3 x Lo-Z (L/R/Sub); no bridge mode,,"L: 150W, R: 150W, Sub: 300W",,,,,,,,2 x RCA A/B Unbalanced; 1 x Optical,2 x RCA A/B Unbalanced (pass-through); 3 x Speaker terminals,,"17"" x 14"" x 3.5"" / 433 x 357 x 88mm (without mounts)",,,,,,,,
Origin Acoustics,Foundation,DSP60.8,Electronics,Amplifier,Indoor,"Foundation Series - DSP60.8: 8-channel 1RU amplifier with mixed Lo-Z and Hi-Z outputs. 8x Lo-Z @ 60W (4/8?) + 4x Hi-Z @ 125W (70V). AutoShare up to 125W/ch within Ch1-4 and Ch5-8 groups. Total system power: 500W. Inputs: 4x RCA unbalanced, 2x balanced XLR (Ch1/Ch2 mic-capable, sensitivity via web app), S/PDIF in/out, RJ45 network, Wi-Fi, GPIO wall control, IEC power. Full DSP via Origin Acoustics web app. Crestron/Control4/Q-Sys compatible. Master/Slave via S/PDIF. ERP/Energy Star/UL listed. 1RU full rack.",1183,1984,each (ea),,,,,,,,,,,,,,,8 x Lo-Z / 4 x Hi-Z; no bridge mode,,8 x 60W (Lo-Z @ 4? and 8?),8 x 60W (same @ 8?),4 x 125W (Hi-Z @ 70V),"4 x 125W (Hi-Z @ 100V, -1dB ? 90V)",4 x 125W AutoShare (within Ch1-4 and Ch5-8 groups independently),150W active; <0.5W idle; 26.6W standby,,500W,4 x RCA Unbalanced; 2 x Balanced XLR (Ch1/Ch2 mic-capable); S/PDIF; RJ45 Network; Wi-Fi; GPIO wall control,8 x Lo-Z Speaker terminals; 4 x Hi-Z Speaker terminals; S/PDIF out,,"17.32"" W x 12.59"" D x 1.75"" H / 440 x 320 x 44.5 mm",7.8 lbs / 3.6 kg,,,,,,,
Origin Acoustics,Deep,DSUB6X2,In-Ceiling,Subwoofer,Indoor,,,,each (ea),,,,,,,,,,,,,,,,,,,,,,,,,,,Handling: 60W Pink Noise / 120W Program / 240W Peak,,,6 Ohm,90dB @ 1m,,,"Three Chamber Bandpass Vibration Canceling, In-Ceiling Subwoofer",,
Origin Acoustics,Composer,LCR37,In-Wall,Speaker,Indoor,"Composer Theater Series - In-Wall LCR Loudspeaker with Exclusive Silk DPSD Tweeter, Dual 3.5"" Glass Fiber Woofers, and Patented SpringLock Tool-less Mounting System.",129,377,each (ea),,,70Hzû20kHz,,,,,"2Î 3.5"" Glass Fiber",,"1"" Silk DPSDÖ",,,,,,,,,,,,,,,,,RMS: 35W RMS | Peak: 125W,,,6 ohm,,,,In-Wall LCR Speaker,,
Origin Acoustics,Composer,LCR39,In-Wall,Speaker,Indoor,"Composer Theater Series - In-Wall LCR Loudspeaker with Exclusive Silk DPSD Tweeter, Dual 3.5"" Kevlar Woofers, and Patented SpringLock Tool-less Mounting System.",194,565,each (ea),,,,,,,,,,,,,,,,,,,,,,,,,,,,,,8 ohm,,,,,,
Origin Acoustics,Composer,LCR65,In-Wall,Speaker,Indoor,"Composer Theater Series - In-Wall LCR Loudspeaker with aluminum Tweeter, Dual 6.5"" IMG Woofers, and Patented SpringLock Tool-less Mounting System.",194,565,each (ea),,,,,,,,,,,,,,,,,,,,,,,,,,,,,,8 ohm,,,,,,
Origin Acoustics,Composer,LCR67,In-Wall,Speaker,Indoor,"Composer Theater Series - In-Wall LCR Loudspeaker with Exclusive Silk DPSD Tweeter, Dual 6.5 Glass Fiber Woofers, and Patented SpringLock Tool-less Mounting System.",269,774,each (ea),,,,,,,,,,,,,,,,,,,,,,,,,,,,,,8 ohm,,,,,,
Origin Acoustics,Composer,LCR69,In-Wall,Speaker,Indoor,"Composer Theater Series - In-Wall LCR Loudspeaker with Exclusive Silk DPSD Tweeter, Dual 6.5"" Kevlar Woofers, and Patented SpringLock Tool-less Mounting System.",377,1086,each (ea),,,51Hzû20kHz,,,,,"2Î 6.5"" Kevlar«",,"1"" Silk DPSDÖ",,,,,,,,,,,,,,,,,RMS: 40W RMS | Peak: 150W,,,6 ohm,,,,In-Wall LCR Speaker,,
Origin Acoustics,AMBI,LSH40,Landscape,Speaker,Outdoor,"Ambisonic Hexagonal Landscape Satellite ù 3.5"" All-Weather Glass Fiber Cone Woofer with 1"" Round Planar Magnetic Ribbon Driver. 50W RMS, 8 Ohm / 70V, 102dB SPL.",,,each (ea),"3.5"" All-Weather Glass Fiber Cone Woofer + 1"" Round Planar Magnetic Ribbon Driver",,110Hzû20kHz (û10dB) | 150Hzû20kHz (▒3dB),,"24"" x 14 AWG Pigtail with Waterproof Wire-nuts",,,,,,120░ Conical,,,,,,,,,,,,,,,,50W RMS,"Face: 4.01""H x 4.29""W | Body: 8.26""L x 5.11""H",,8 Ohm | 70V,85dB (1m/2.83V),"102dB Continuous, 108dB Peak",70V / 50W,Ribbon Equipped Landscape Satellite Loudspeaker,Powder Coated Aluminum,"Black, Champagne, Silver"
Origin Acoustics,AMBI,LSH60,Landscape,Speaker,Outdoor,"Ambisonic Hexagonal Landscape Satellite ù 5.25"" All-Weather Glass Fiber Cone Woofer with 2.8"" Planar Magnetic Ribbon Driver. 75W RMS, 8 Ohm / 70V, 106dB SPL.",,,each (ea),"5.25"" All-Weather Glass Fiber Cone Woofer + 2.8"" Planar Magnetic Ribbon Driver",,95Hzû20kHz (û10dB) | 125Hzû20kHz (▒3dB),,"24"" x 14 AWG Pigtail with Waterproof Wire-nuts",,,,,,110░ Horizontal | 80░ Vertical,,,,,,,,,,,,,,,,75W RMS,"Face: 6.22""H x 6.69""W | Body: 8.26""L x 8.46""H",,8 Ohm | 70V,88dB (1m/2.83V),"106dB Continuous, 112dB Peak",70V / 75W,Ribbon Equipped Landscape Satellite Loudspeaker,Powder Coated Aluminum,"Black, Champagne, Silver"
Origin Acoustics,AMBI,LSH80,Landscape,Speaker,Outdoor,"Ambisonic Hexagonal Landscape Satellite ù 6.5"" All-Weather Glass Fiber Cone Woofer with 3"" Planar Magnetic Ribbon Driver. 100W RMS, 8 Ohm / 70V, 109dB SPL.",,,each (ea),"6.5"" All-Weather Glass Fiber Cone Woofer + 3"" Planar Magnetic Ribbon Driver",,70Hzû20kHz (û10dB) | 100Hzû20kHz (▒3dB),,"24"" x 14 AWG Pigtail with Waterproof Wire-nuts",,,,,,100░ Horizontal | 70░ Vertical,,,,,,,,,,,,,,,,100W RMS,"Face: 7""H x 7.48""W | Body: 9.84""L x 9.25""H",,8 Ohm | 70V,89dB (1m/2.83V),"109dB Continuous, 115dB Peak",70V / 100W,Ribbon Equipped Landscape Satellite Loudspeaker,Powder Coated Aluminum,"Black, Champagne, Silver"
Ambisonic,Seasons,LSR40,Landscape,Speaker,Outdoor,Ambisonic Systems - Landscape Loudspeaker,323,645,each (ea),,,110Hzû20kHz (û10dB); 150Hzû20kHz ▒3dB,,,,,"3.5"" All-Weather Glass Fiber Cone",,"1"" Round Planar Magnetic Ribbon",120░ Conical,,,,,,,,,,,,,,,,RMS: 50W RMS,"6.53""H Î 4.13""W Î 6.63""L (166Î105Î168mm)",,8 Ohm,85.0,Cont: 102.0dB / Peak: 108.0dB,70V / 50W Transformer,Ribbon Landscape Satellite Loudspeaker,"Color-molded Composite, All-Weather",
Ambisonic,Seasons,LSR60,Landscape,Speaker,Outdoor,Ambisonic Systems - 75w Weather Resistant Ribbon Landscape Loudspeaker,484,968,each (ea),,,95Hzû20kHz (û10dB); 125Hzû20kHz ▒3dB,,,,,"5.25"" All-Weather Glass Fiber Cone",,"2.8"" Planar Magnetic Ribbon","110░ H, 80░ V",,,,,,,,,,,,,,,,RMS: 75W RMS,"8.75""H Î 6.64""W Î 10.38""L (222Î168Î263mm)",,8 Ohm,88.0,Cont: 106.0dB / Peak: 112.0dB,70V / 75W Transformer,Ribbon Landscape Satellite Loudspeaker,"Color-molded Composite, All-Weather",
Ambisonic,Seasons,LSR80,Landscape,Speaker,Outdoor,"Ambisonic Systems LSR80 - 6"" Weather Resistant Ribbon Landscape Loudspeaker",592,1183,each (ea),,,70Hzû20kHz (û10dB); 100Hzû20kHz ▒3dB,,,,,"6"" All-Weather Glass Fiber Cone",,"3.1"" Planar Magnetic Ribbon","100░ H, 60░ V",,,,,,,,,,,,,,,,RMS: 100W RMS,"10.70""H Î 8""W Î 12.50""L (272Î203Î318mm)",,8 Ohm,89.0,Cont: 109.0dB / Peak: 115.0dB,70V / 100W Transformer,Ribbon Landscape Satellite Loudspeaker,"Color-molded Composite, All-Weather",
Origin Acoustics,Marquee,M2500,In-Ceiling,Speaker,Indoor,Marquee Collection - In-Ceiling 3-Way Loudspeaker.,968,2580,each (ea),,,,,,,,,,,,,,,,,,,,,,,,,,,,,,,,,,,,
Origin Acoustics,Marquee,M3500,On-Wall,Speaker,Indoor,Marquee Collection - Surround Sound On-Wall Loudspeaker,1774,4139,each (ea),,,,,,,,,,,,,,,,,,,,,,,,,,,,,,,,,,,,
Origin Acoustics,Marquee,M5500,On-Wall,Speaker,Indoor,Marquee Collection - 3-Way Theater LCR Loudspeaker,2419,5483,each (ea),,,,,,,,,,,,,,,,,,,,,,,,,,,,,,,,,,,No data ù skipped,
Origin Acoustics,MOS,MOS36K,In-Ceiling,Speaker,Indoor,1X MOS36BOX 1X MOS36MRM,592,1495,Kit/Package,,Custom Two-Way Passive 200Hz,35Hzû20kHz (û10dB); 44Hzû20kHz (û3dB),,,,,,,,100░ Conical,,,,,,,,,,,,,,,,RMS: 75W RMS | Peak: 200W,,,4?,84.0,Cont: 102.0dB / Peak: 107.0dB,,Two-Way Full Range Loudspeaker,Input: 2P Phoenix Connector,
Origin Acoustics,Seasons,OS50B,Surface Mount,Speaker,Outdoor,"Seasons On-Wall Series - Outdoor On-Wall Loudspeaker with Aluminum Dome Tweeter and 5.25"" PP Woofer (Black). No Transformer.",242,538,Pair (pr),,,,,,,,,,,,,,,,,,,,,,,,,,,,,,8 ohm,,,,,,
Origin Acoustics,Seasons,OS60B,Surface Mount,Speaker,Outdoor,"Seasons On-Wall Series - Outdoor On-Wall Loudspeaker with Aluminum Dome Tweeter and 6.5"" PP Woofer. No Transformer",301,667,Pair (pr),,,,,,,,,,,,,,,,,,,,,,,,,,,,,,8 ohm,,,,,,
Origin Acoustics,Seasons,OS60DTB,Surface Mount,Speaker,Outdoor,"Seasons On-Wall Series - Outdoor On-Wall Loudspeaker with dual Aluminum Dome Tweeters and 6.5"" injection PP Woofer. No Transformer. Black",205,457,each (ea),,,,,,,,,,,,,,,,,,,,,,,,,,,,,,8 ohm,,,,,,
Origin Acoustics,Seasons,OS80B,Surface Mount,Speaker,Outdoor,"Seasons On-Wall Series - Outdoor On-Wall Loudspeaker with Aluminum Dome Tweeter and 8"" PP Woofer (Black). No Transformer.",457,1011,Pair (pr),,,,,,,,,,,,,,,,,,,,,,,,,,,,,,8 ohm,,,,,,
Origin Acoustics,Seasons,OSR65,Rock,Speaker,Outdoor,"Seasons Collection - 6"" Rock Style Loudspeaker with optional 70v tap settings.",162,377,each (ea),,,,,,,,,,,,,,,,,,,,,,,,,,,,,,,,,,,No data ù skipped,
Origin Acoustics,Seasons,OSR85,Rock,Speaker,Outdoor,"Seasons Collection - 8"" Rock Style Loudspeaker with optional 70v tap settings.",232,538,each (ea),,,,,,,,,,,,,,,,,,,,,,,,,,,,,,,,,,,No data ù skipped,
Origin Acoustics,Seasons,OSUB10,Landscape,Subwoofer,Outdoor,"Seasons Landscape Series - 10"" Outdoor Subwoofer with Rugged Polycomposite Enclosure, Designed For In-Ground Installation (8-ohm or 70v Taps).",1011,2021,each (ea),"10"" Poly Woofer",,32Hz û 100kHz,,,,,,,,,,,,,,,,,,,,,,,,Handling: 300W,"Ï15 3/4"" x 21 1/2"" H (Ï400 x 546mm)",,70V | 8 Ohm,,,300W,,,
Origin Acoustics,Seasons,OSUB12,Landscape,Subwoofer,Outdoor,"Seasons Landscape Series - 12"" Outdoor Subwoofer with Rugged Polycomposite Enclosure, Designed For In-Ground Installation (8-ohm or 70v Taps).",1376,2747,each (ea),"12"" Poly Woofer",,23Hz û 100kHz,,,,,,,,,,,,,,,,,,,,,,,,Handling: 300W,"Ï17 3/4"" x 23 1/2"" H (Ï451 x 597mm)",,70V | 8 Ohm,,,300W,,,
Origin Pro,Producer,P80DT,In-Ceiling,Speaker,Indoor,"Producer 8"" Series - In-Ceiling Loudspeaker with Dual Silk Tweeters and 8"" Poly-Rubber Woofer.",135,387,each (ea),,,,,,,,,,,,,,,,,,,,,,,,,,,,,,,,,,,,
Origin Pro,Pro,PC50,In-Ceiling,Speaker,Indoor,"Professional PC50 5.25"" In-Ceiling Loudspeaker (Black Round/Square Grille)",242,484,Pair (pr),,,54Hzû20kHz (û10dB); 80Hzû20kHz (û3dB),,,,,"5.25"" IMPP",,"3/4"" Silk DSPDÖ MMPÖ",120░ Conical,"8.125"" (206mm)","7.5"" (190mm)","Grille: 8-11/16"" (220mm)",,,,,,,,,,,,,RMS: 30W Cont. | Prog: 60W,"Dia: 8.25"" (210mm)",,6 Ohm,89.0,Peak: 106.0dB,"70V: 30W, 15W, 7.5W, 3.8W; 100V: 30W, 15W, 7.5W",In-Ceiling Speaker,"Metal Can, Zinc Plated","Black, White"
Origin Pro,Pro,PC60,In-Ceiling,Speaker,Indoor,"Professional 6.5"" In-Ceiling Loudspeaker (Black Round/Square Grille)",301,602,Pair (pr),,,50Hzû20kHz (û10dB); 64Hzû20kHz (û3dB),,,,,"6.5"" IMPP",,"1"" Silk DSPDÖ MMPÖ",115░ Conical,"8.125"" (206mm)","8-13/16"" (224mm)","Grille: 10"" (254mm)",,,,,,,,,,,,,RMS: 40W Cont. | Prog: 80W,"Dia: 9-5/8"" (244mm)",,6 Ohm,91.0,Peak: 108.0dB,"70V: 60W, 30W, 15W, 7.5W; 100V: 60W, 30W, 15W",In-Ceiling Speaker,"Metal Can, Zinc Plated","Black, White"
Origin Pro,Pro,PC60S,In-Ceiling,Speaker,Indoor,"Professional 6.5"" In-Ceiling Loudspeaker Slim Version (Black Round/Square Grille)",301,602,Pair (pr),,,54Hzû20kHz (û10dB); 81Hzû20kHz (û3.5dB),,,,,"6.5"" IMPP",,"1"" Silk DSPDÖ MMPÖ",90░ Conical,"4-23/64"" (110mm)","10.5"" (266mm)","Grille: 11-5/8"" (296mm)",,,,,,,,,,,,,RMS: 40W Cont. | Prog: 80W,"Dia: 11.25"" (286mm)",,6 Ohm,87.0,Peak: 106.0dB,"70V: 60W, 30W, 15W, 7.5W; 100V: 60W, 30W, 15W",In-Ceiling Speaker (Short Can),"Metal Can, Zinc Plated","Black, White"
Origin Pro,Pro,PC80,In-Ceiling,Speaker,Indoor,"Professional 8"" In-Ceiling Loudspeaker (Black Round/Square Grille)",447,893,Pair (pr),,,41Hzû20kHz (û10dB); 60Hzû20kHz (û3dB),,,,,"8"" IMPP",,"1"" Silk DSPDÖ MMPÖ",100░ Conical,"9-13/16"" (247mm)","10.5"" (266mm)","Grille: 11-5/8"" (296mm)",,,,,,,,,,,,,RMS: 60W Cont. | Prog: 120W,"Dia: 11.25"" (286mm)",,6 Ohm,92.0,Peak: 112.0dB,"70V: 60W, 30W, 15W, 7.5W; 100V: 60W, 30W, 15W",In-Ceiling Speaker,"Metal Can, Zinc Plated","Black, White"
Origin Pro,Pro,PCSUB8 ,In-Ceiling,Speaker,Indoor,"Professional In-Ceiling Sub 80 8"" IC Sub 8"" metal can subwoofer  (Black Round/Square Grille)",307,613,each (ea),,,40Hzû250Hz (û10dB); 55Hzû250Hz (û3dB),,,,,"8"" Polypropylene",,ù,180░ Conical,,,,,,,,,,,,,,,,RMS: 125W Cont. | Prog: 200W,"Dia: 10"" (254mm) / Length: 16.25"" (412mm)",,8 Ohm,90.0,Peak: 110.0dB,"70V: 120W, 60W, 30W, 15W; 100V: 120W, 60W, 30W",Pendant Subwoofer,"8"" Passive Radiator","Black, White"
Origin Pro,Pro,PP50,Pendant,Speaker,Indoor,"Professional Pendant 5.25"" Loudspeaker",301,602,Pair (pr),,,,,,,,,,,,,,,,,,,,,,,,,,,,,,8 Ohm,,,,,,
Origin Pro,Pro,PP60,Pendant,Speaker,Indoor,"Professional Pendant 6.5"" Pendant Loudspeaker",366,731,Pair (pr),,,,,,,,,,,,,,,,,,,,,,,,,,,,,,8 Ohm,,,,,,
Origin Pro,Pro,PP80,Pendant,Speaker,Indoor,"Professional Pendant 8"" Pendant Loudspeaker",538,1075,Pair (pr),,,,,,,,,,,,,,,,,,,,,,,,,,,,,,8 Ohm,,,,,,
Origin Pro,Pro,PPSUB8,Pendant,Subwoofer,Indoor,"Professional Pendant Sub 80, 8"" Pendant Sub, Black",323,570,each (ea),,,,,,,,,,,,,,,,,,,,,,,,,,,,,,8 Ohm Nominal,,,,,,
Origin Pro,Pro,ProA1000.1,Electronics,Amplifier,Indoor,Pro Amplifier ProA1000.1,1258,2097,each (ea),,,,,,,,,,,,,,,2 x Lo-Z/1 x Hi-Z,2 x 500 W (SE),2 x 500 W (SE) / 1 x 1000 W (BTL),2 x 250 W (SE) / 1 x 1000 W (BTL),1 x 1000 W (BTL),1 x 1000 W (BTL),,350 W,65 Vp/130 Vpp (SE) / 130 Vp/260 Vpp (BTL),,4 x RCA,2 x Lo-Z / 1 x HI-Z,,88 x 440 x 332 mm (3.5 x 17.3 x 13.1 in),5.9 kg,,,,,,,
Origin Pro,Pro,ProA1000.2,Electronics,Amplifier,Indoor,Pro Amplifier ProA1000.2,1774,2957,each (ea),,,,,,,,,,,,,,,4 x lo-Z / 2 x Hi-Z,4 x 500 W (SE),4 x 500 W (SE) / 2 x 1000 W (BTL),4 x 250 W (SE) / 2 x 1000 W (BTL),2 x 1000 W (BTL),2 x 1000 W (BTL),,700 W,65 Vp/130 Vpp (SE) / 130 Vp/260 Vpp (BTL),,4 x RCA,4 x Lo-Z / 2 x HI-Z,,88 x 440 x 332 mm (3.5 x 17.3 x 13.1 in),7.4 kg,,,,,,,
Origin Pro,Pro,ProA1000.4,Electronics,Amplifier,Indoor,Pro Amplifier ProA1000.4,3000,4999,each (ea),,,,,,,,,,,,,,,8 x lo-Z / 2 x Hi-Z,8 x 500 W (SE),8 x 500 W (SE) / 4 x 1000 W (BTL),8 x 250 W (SE) / 4 x 1000 W (BTL),4 x 1000 W (BTL),4 x 1000 W (BTL),,1400 W,65 Vp/130 Vpp (SE) / 130 Vp/260 Vpp (BTL),,4 x RCA,8 x Lo-Z / 2 x HI-Z,,88 x 440 x 332 mm (3.5 x 17.3 x 13.1 in),,,,,,,,
Origin Pro,Pro,ProA1200.1,Electronics,Amplifier,Indoor,Pro Amplifier ProA1200.1,1387,2312,each (ea),,,,,,,,,,,,,,,2 x Lo-Z/1 x Hi-Z,2 x 750 W (SE),2 x 750 W (SE) / 1 x 1500 W (BTL),2 x 400 W (SE) / 1 x 1500 W (BTL),1 x 1200 W (BTL),1200 W (BTL),,350 W,80 Vp/160 Vpp (SE) / 160 Vp/320 Vpp (BTL),,4 x RCA,2 x Lo-Z / 1 x HI-Z,,88 x 440 x 332 mm (3.5 x 17.3 x 13.1 in),5.9 kg,,,,,,,
Origin Pro,Pro,ProA1200.2,Electronics,Amplifier,Indoor,Pro Amplifier ProA1200.2,1968,3279,each (ea),,,,,,,,,,,,,,,4 x lo-Z / 2 x Hi-Z,4 x 750 W (SE),4 x 750 W (SE) / 2 x 1500 W (BTL),4 x 400 W (SE) / 2 x 1500 W (BTL),2 x 1200 W (BTL),1200 W (BTL),,700 W,80 Vp/160 Vpp (SE) / 160 Vp/320 Vpp (BTL),,4 x RCA,4 x Lo-Z / 2 x HI-Z,,88 x 440 x 332 mm (3.5 x 17.3 x 13.1 in),7.4 kg,,,,,,,
Origin Pro,Pro,ProA1200.4,Electronics,Amplifier,Indoor,Pro Amplifier ProA1200.4,3354,5590,each (ea),,,,,,,,,,,,,,,8 x lo-Z / 2 x Hi-Z,8 x 750 W (SE),8 x 750 W (SE) / 4 x 1500 W (BTL),8 x 400 W (SE) / 4 x 1500 W (BTL),4 x 1200 W (BTL),1200 W (BTL),,1400 W,80 Vp/160 Vpp (SE) / 160 Vp/320 Vpp (BTL),,4 x RCA,8 x Lo-Z / 2 x HI-Z,,88 x 440 x 332 mm (3.5 x 17.3 x 13.1 in),,,,,,,,
Origin Pro,Pro,ProA125.1,Electronics,Amplifier,Indoor,Pro Amplifier ProA125.1,549,914,each (ea),,,,,,,,,,,,,,,2 x lo-Z / 1 x Hi-Z,,2 x 60 W,2 x 60 W,1 x 125 W,1 x 125 W,1 x 125 W,75 W,,125 W,4 x RCA,2 x Lo-Z / 1 x HI-Z,,44 x 220 x 213 mm (1.7 x 8.7 x 8.4 in),2 kg (4.4 lbs),,,,,,,
Origin Pro,Pro,ProA125.2,Electronics,Amplifier,Indoor,Pro Amplifier ProA125.2,774,1290,each (ea),,,,,,,,,,,,,,,4 x lo-Z / 2 x Hi-Z,,4 x 60 W,4 x 60 W,2 x 125 W,2 x 125 W,,75 W,250 W,250 W,4 x RCA,4 x Lo-Z / 2 x HI-Z,,44 x 220 x 319 mm (1.7 x 8.7 x 12.6 in),2.8 kg (6.2 lbs),,,,,,,
Origin Pro,Pro,ProA125.4,Electronics,Amplifier,Indoor,Pro Amplifier ProA125.4,1323,2204,each (ea),,,,,,,,,,,,,,,8 x lo-Z / 2 x Hi-Z,,8 x 60 W,8 x 60 W,4 x 125 W,4 x 125 W,2 x 250 W,150 W,,500 W,4 x RCA,8 x Lo-Z / 2 x HI-Z,,44 x 220 x 319 mm (1.7 x 8.7 x 12.6 in),3.5 kg (7.7 lbs),,,,,,,
Origin Pro,Pro,ProA250.1,Electronics,Amplifier,Indoor,Pro Amplifier ProA250.1,742,1237,each (ea),,,,,,,,,,,,,,,2 x lo-Z / 1 x Hi-Z,,2 x 125 W,2 x 125 W,1 x 250 W,1 x 250 W,1 x 250 W,75 W,,250 W,4 x RCA,2 x Lo-Z / 1 x HI-Z,,44 x 220 x 213 mm (1.7 x 8.7 x 8.4 in),2 kg (4.4 lbs),,,,,,,
Origin Pro,Pro,ProA250.2,Electronics,Amplifier,Indoor,Pro Amplifier ProA250.2,1065,1774,each (ea),,,,,,,,,,,,,,,4 x lo-Z / 2 x Hi-Z,,4 x 125 W,4 x 125 W,2 x 250 W,2 x 250 W,2 x 250 W,150 W,,500 W,4 x RCA,4 x Lo-Z / 2 x HI-Z,,44 x 220 x 319 mm (1.7 x 8.7 x 12.6 in),2.8 kg (6.2 lbs),,,,,,,
Origin Pro,Pro,ProA250.4,Electronics,Amplifier,Indoor,Pro Amplifier ProA250.4,1839,3064,each (ea),,,,,,,,,,,,,,,8 x lo-Z / 2 x Hi-Z,,8 x 125 W,8 x 125 W,4 x 250 W,4 x 250 W,4 x 250 W,300 W,,1000 W,4 x RCA,8 x Lo-Z / 2 x HI-Z,,44 x 220 x 319 mm (1.7 x 8.7 x 12.6 in),3.8 kg (8.4 lbs),,,,,,,
Origin Pro,Pro,PS50,Surface Mount,Speaker,Indoor,"PS50 - 5.25"" Surface Mount, pair",291,581,Pair (pr),,,55Hzû20kHz (û10dB); 74Hzû20kHz (û3dB),,,,,"5.25"" IMPP",,"1"" Aluminum","100░ H, 50░ V",,,,,,,,,,,,,,,,RMS: 30W Cont. | Prog: 60W,"6.75""W Î 11""H Î 7""D (171Î279Î178mm); 10""H (254mm) w/o bracket",,8 ohm / 70V,89.0,Peak: 105.0dB,"70V: 30W, 15W, 7.5W, 3.75W; 100V: 30W, 15W, 7.5W",Surface Mount Speaker,,"Black, White"
Origin Pro,Pro,PS60,Surface Mount,Speaker,Indoor,"Professional Surface 60, 6"" Surface Mount, pair, Black",355,710,Pair (pr),,,45Hzû20kHz (û10dB); 65Hzû20kHz (û3dB),,,,,"6.5"" IMPP",,"1"" Aluminum","100░ H, 50░ V",,,,,,,,,,,,,,,,RMS: 40W Cont. | Prog: 80W,"7.875""W Î 13.25""H Î 8.1875""D (200Î336Î208mm); 12.25""H (311mm) w/o bracket",,8 ohm / 70V,92.0,Peak: 106.0dB,"70V: 60W, 30W, 15W, 7.5W; 100V: 60W, 30W, 15W",Surface Mount Speaker,,"Black, White"
Origin Pro,Pro,PS80,Surface Mount,Speaker,Indoor,"Professional Surface 80, 8"" Surface Mount, pairs",527,1054,Pair (pr),,,42Hzû20kHz (û10dB); 58Hzû20kHz (û3dB),,,,,"8"" IMPP",,"1"" Aluminum","70░ H, 70░ V",,,,,,,,,,,,,,,,RMS: 60W Cont. | Prog: 120W,"9.5""W Î 15""H Î 9.625""D (241Î381Î245mm); 14""H (355mm) w/o bracket",,8 ohm / 70V,92.0,Peak: 107.0dB,"70V: 80W, 40W, 20W, 10W; 100V: 80W, 40W, 20W",Surface Mount Speaker,,"Black, White"
Origin Acoustics,Pro,PSUB10X2,Surface Mount,Subwoofer,Indoor,,,,each (ea),,,,300W-2000W @ 4?,,,,,,,,,,,,,,,,,,,,,,,Handling: 300W Pink Noise / 600W Program / 1200W Peak,,,4 Ohm,"94dB (2.83V/1m, Free Space)",,"70V: 300W, 150W, 75W","Dual 10"" Bandpass Surface Mount Subwoofer",,
Origin Acoustics,Foundation,SubA150,Electronics,Amplifier,Indoor,Foundation Series - Subwoofer Amplifier with 150w of Class D Power in a 1U Design.,420,903,each (ea),,,,,,,,,,,,,,,1,300 W,150 W,80 W,,,,,,,"1 x RCA	1 x Lo-Z",,,"16.9"" W x 1.75"" H x 8.1"" D",,,,,,,,
Origin Acoustics,Foundation,SubA500,Electronics,Amplifier,Indoor,Foundation Series - Subwoofer Amplifier with 500w of Class D Power in a 1U Design.,807,1742,each (ea),,,,,,,,,,,,,,,1,1000 W,500 W,250 W,,,,,,,"1 x RCA	1 x Lo-Z",,,"16.9"" W x 1.75"" H x 8.9"" D",,,,,,,,
Origin Acoustics,Deep,SUBD10,Electronics,Subwoofer,Indoor,"Deep Series - Subwoofer with 10"" Composite Driver, 10"" Passive Radiator. Mid-century Modern Design.",635,1278,each (ea),,,,,,,,,,,,,,,,,,,,,,,,,,,,,,,,,,,,
Origin Acoustics,Deep,SUBD8,Electronics,Subwoofer,Indoor,"Deep Series - Subwoofer with 8"" Composite Driver, 8"" Passive Radiator. Mid-century Modern Design. ",463,925,each (ea),,,,,,,,,,,,,,,,,,,,,,,,,,,,,,,,,,,,
Origin Acoustics,Slim,SUBS10,Electronics,Subwoofer,Indoor,SUBS10 Slim Powered Subwoofer,807,1774,each (ea),"2x 10"" Low Profile Dual Voice Coil, Rigid Flat Honeycomb Glass Fiber Cone Woofers","Recommended LPF = 120Hz, 24dB, Butterworth",30Hzû120Hz (-10dB) | 38Hzû120Hz (+/-3dB),300W û 2000W @ 4 Ohms,Gold Plated Binding Post Terminals,"Two Position Mounting Bracket, 4x M10 Suspension Points",,,,,,,,,,,,,,,,,,,,,"Handling: 300W Pink Noise, 600W / 1200W Peak","12"" x 13.78"" x 33.86"" (228 x 350 x 860mm)",62lbs / 28.2kg (with mounting bracket),4 Ohm,"94dB (2.83V/1m, Free Space); 118dB Pink Noise",118.8 dB (Calculated),"70V: 300W, 150W, 75W | 100V: 300W, 150W","Dual 10"" Bandpass Surface Mount Subwoofer",MDF,360░ System Coverage
Origin Acoustics,ThinFit,TF37DTEX,In-Ceiling,Speaker,Marine,"ThinFit dual tweeter, high temperature plastic, metal grill with weather coating",199,570,each (ea),,,,,,,,,,,,,,,,,,,,,,,,,,,,,,8 ohm,,,,,,
Origin Acoustics,ThinFit,TF37EX,In-Ceiling,Speaker,Marine,"Thinfit Explorer Series - Round Loudspeaker with and DPSD Dome Tweeter, Dual 3.5"" Glass Fiber Woofers, Dual 3.5"" Glass Fiber Mid-Woofers.  High-temperature plastic. Treated metal grille.",172,495,each (ea),,,,,,,,,,,,,,,,,,,,,,,,,,,,,,8 ohm,,,,,,
Origin Acoustics,ThinFit,TFIW37EX,In-Wall,Speaker,Marine,"Thinfit Collection - Thinfit In-Wall Loudspeaker. Silk DPSD Tweeter & Quad 3.5"" Glass Fiber woofers.  High temperature plastic and metal grill with Dacrometing coating.",199,570,each (ea),,,,,,,,,,,,,,,,,,,,,,,,,,,,,,8 ohm,,,,,,
Origin Acoustics,Theater,THTR67,In-Wall,Speaker,Indoor,"Composer Theater Series - In-Wall THTR Loudspeaker with Exclusive Silk DPSD Tweeter, Quad 6.5"" Glass Fiber Woofers, and the patented SpringLock Tool-less Mounting System.",678,1978,each (ea),,,,,,,,,,,,,,,,,,,,,,,,,,,,,,,,,,,,
Origin Acoustics,Theater,THTR69,In-Wall,Speaker,Indoor,"Composer Theater Series - In-Wall THTR Loudspeaker with Exclusive Silk DPSD Tweeter, Quad 6.5"" Kevlar Woofers, and the patented SpringLock Tool-less Mounting System.",807,2322,each (ea),,,40Hzû20kHz,,,,,"6.5"" (165mm) Kevlar«",,"1"" Silk DPSD",,"3.78"" (96mm)","Cutout: 7.875"" Î 29"" (198Î736mm)","Grille: 9.11"" Î 30.29"" (231Î769mm)",,,,,,,,,,,,,RMS: 10û200W,"8.67"" Î 29.85"" (220Î758mm)",,6 ohm min,,,,In-Wall Speaker,,
